-- Вставка данных в таблицу artists
INSERT INTO artists (artist_num, a_surname, a_name, a_patronymic, a_birth_date, speciality, a_contact_info)
VALUES
    (1, 'Иванов', 'Иван', 'Иванович', '1980-05-15', 'Клоун', 'ivanov@example.com'),
    (2, 'Петров', 'Петр', 'Петрович', '1985-07-20', 'Акробат', 'petrov@example.com'),
    (3, 'Сидоров', 'Сергей', 'Сергеевич', '1990-03-10', 'Жонглер', 'sidorov@example.com'),
    (4, 'Кузнецов', 'Алексей', 'Алексеевич', '1975-11-30', 'Фокусник', 'kuznetsov@example.com'),
    (5, 'Смирнов', 'Дмитрий', 'Дмитриевич', '1982-09-05', 'Гимнаст', 'smirnov@example.com');

-- Вставка данных в таблицу animals
INSERT INTO animals (animal_num, species, nickname, date_of_birth, gender, artist_num)
VALUES
    (1, 'Собака', 'Рекс', '2015-03-20', 'Мужской', 1),
    (2, 'Кошка', 'Мурка', '2016-05-12', 'Женский', 2),
    (3, 'Лошадь', 'Буцефал', '2010-08-25', 'Мужской', 3),
    (4, 'Слон', 'Думбо', '2005-12-01', 'Мужской', 4),
    (5, 'Тигр', 'Шерхан', '2012-07-15', 'Мужской', 5);

-- Вставка данных в таблицу performances
INSERT INTO performances (per_code, name, date, time)
VALUES
    (1, 'Вечерний спектакль', '2023-10-01', '19:00:00'),
    (2, 'Дневное представление', '2023-10-02', '14:00:00'),
    (3, 'Утренний спектакль', '2023-10-03', '10:00:00'),
    (4, 'Ночное шоу', '2023-10-04', '22:00:00'),
    (5, 'Полдень спектакль', '2023-10-05', '12:00:00');

-- Вставка данных в таблицу artists_performances
INSERT INTO artists_performances (num_record, artist_num, per_code)
VALUES
    (1, 1, 1),
    (2, 2, 2),
    (3, 3, 3),
    (4, 4, 4),
    (5, 5, 5);

-- Вставка данных в таблицу viewers
INSERT INTO viewers (num_viewer, v_contact_info, v_surname, v_name, v_patronymic, v_birth_date)
VALUES
    (1, 'petrov@example.com', 'Петров', 'Петр', 'Петрович', '1990-07-25'),
    (2, 'sidorov@example.com', 'Сидоров', 'Сергей', 'Сергеевич', '1988-04-15'),
    (3, 'kuznetsov@example.com', 'Кузнецов', 'Алексей', 'Алексеевич', '1977-12-05'),
    (4, 'smirnov@example.com', 'Смирнов', 'Дмитрий', 'Дмитриевич', '1985-09-20'),
    (5, 'ivanov@example.com', 'Иванов', 'Иван', 'Иванович', '1982-03-10');

-- Вставка данных в таблицу tickets_sale
INSERT INTO tickets_sale (num_sale, purchase_date, payment_type, viewer_num)
VALUES
    (1, '2023-09-25', 'Кредитная карта', 1),
    (2, '2023-09-26', 'Наличные', 2),
    (3, '2023-09-27', 'Электронный кошелек', 3),
    (4, '2023-09-28', 'Кредитная карта', 4),
    (5, '2023-09-29', 'Наличные', 5);

-- Вставка данных в таблицу tickets
INSERT INTO tickets (ticket_code, performance_code, num_seat, price, num_sale)
VALUES
    (1, 1, 10, 50.00, 1),
    (2, 2, 15, 60.00, 2),
    (3, 3, 20, 70.00, 3),
    (4, 4, 25, 80.00, 4),
    (5, 5, 30, 90.00, 5);

-- Вставка данных в таблицу intervals
INSERT INTO intervals (start_time, end_time)
VALUES
    ('2023-10-01 09:00:00', '2023-10-01 10:00:00'),
    ('2023-10-02 10:00:00', '2023-10-02 11:00:00'),
    ('2023-10-03 11:00:00', '2023-10-03 12:00:00'),
    ('2023-10-04 12:00:00', '2023-10-04 13:00:00'),
    ('2023-10-05 13:00:00', '2023-10-05 14:00:00');

-- Вставка данных в таблицу trainings
INSERT INTO trainings (training_code, start_time)
VALUES
    (1, '2023-10-01 09:00:00'),
    (2, '2023-10-02 10:00:00'),
    (3, '2023-10-03 11:00:00'),
    (4, '2023-10-04 12:00:00'),
    (5, '2023-10-05 13:00:00');

-- Вставка данных в таблицу animals_trainings
INSERT INTO animals_trainings (animal_num, training_code, special_instructions)
VALUES
    (1, 1, 'Особые инструкции для тренировки Рекса'),
    (2, 2, 'Особые инструкции для тренировки Мурки'),
    (3, 3, 'Особые инструкции для тренировки Буцефала'),
    (4, 4, 'Особые инструкции для тренировки Думбо'),
    (5, 5, 'Особые инструкции для тренировки Шерхана');
